's-Gravenhage
Aalsmeer
Aalten
Albrandswaard
Alkmaar
Almelo
Alphen aan den Rijn
Altena
Ameland
Amstelveen
Amsterdam
Apeldoorn
Arnhem
Assen
Asten
Baarn
Barendrecht
Barneveld
Beesel
Berg en Dal
Bergen (L.)
Bergen (NH.)
Best
Beverwijk
Bloemendaal
Bodegraven-Reeuwijk
Bonaire
Borger-Odoorn
Borne
Borsele
Boxtel
Breda
Bronckhorst
Brummen
Brunssum
Bunnik
Bunschoten
Buren
Castricum
Cranendonck
Culemborg
Dalfsen
De Bilt
De Fryske Marren
De Ronde Venen
De Wolden
Delft
Deventer
Diemen
Dinkelland
Doetinchem
Drechterland
Drimmelen
Dronten
Druten
Duiven
Echt-Susteren
Ede
Eemnes
Eemsdelta
Elburg
Enkhuizen
Epe
Ermelo
Etten-Leur
Geertruidenberg
Gemert-Bakel
Goeree-Overflakkee
Goes
Gooise Meren
Gorinchem
Gouda
Gulpen-Wittem
Haarlem
Halderberge
Heemskerk
Heemstede
Heerenveen
Heerlen
Heiloo
Hellendoorn
Hengelo (O.)
Heumen
Heusden
Hillegom
Hilversum
Hof van Twente
Hoogeveen
Hoorn
Horst aan de Maas
Huizen
Hulst
IJsselstein
Kaag en Braassem
Kampen
Kapelle
Katwijk
Krimpenerwaard
Laarbeek
Landgraaf
Landsmeer
Lansingerland
Leeuwarden
Leidschendam-Voorburg
Leudal
Leusden
Lingewaard
Lisse
Lopik
Maasdriel
Maasgouw
Maashorst
Maassluis
Maastricht
Medemblik
Meerssen
Middelburg (Z.)
Midden-Drenthe
Moerdijk
Mook en Middelaar
Neder-Betuwe
Nederweert
Nieuwegein
Nijmegen
Noardeast-Fryslân
Noordenveld
Noordoostpolder
Noordwijk
Nunspeet
Oegstgeest
Oirschot
Oldambt
Olst-Wijhe
Oost Gelre
Oosterhout
Opmeer
Opsterland
Oss
Oude IJsselstreek
Ouder-Amstel
Papendrecht
Pijnacker-Nootdorp
Purmerend
Raalte
Reimerswaal
Renkum
Renswoude
Reusel-De Mierden
Rhenen
Ridderkerk
Roermond
Roosendaal
Rozendaal
Rucphen
Saba
Schiedam
Schiermonnikoog
Simpelveld
Sint Eustatius
Sint-Michielsgestel
Sittard-Geleen
Sluis
Smallingerland
Soest
Someren
Stede Broec
Stein (L.)
Stichtse Vecht
Súdwest-Fryslân
Terneuzen
Terschelling
Texel
Teylingen
Tholen
Tiel
Tilburg
Tubbergen
Twenterand
Uitgeest
Uithoorn
Urk
Utrecht
Utrechtse Heuvelrug
Vaals
Valkenburg aan de Geul
Veenendaal
Veere
Veldhoven
Velsen
Venray
Vijfheerenlanden
Vlaardingen
Vlieland
Vlissingen
Voorschoten
Voorst
Vught
Waalwijk
Waddinxveen
Wageningen
Wassenaar
West Betuwe
West Maas en Waal
Westerveld
Westervoort
Westland
Weststellingwerf
Wijchen
Wijdemeren
Wijk bij Duurstede
Winterswijk
Zaltbommel
Zandvoort
Zeewolde
Zevenaar
Zoetermeer
Zoeterwoude
Zuidplas
Zutphen
Zwolle
